{
  "total_cases": "SELECT location, max(total_cases) as total_cases FROM covidDF where location !='World' GROUP BY location",
  "total_death_countries": "SELECT location, max(total_deaths) as total_cases FROM covidDF where location !='World' GROUP BY location",
  "country_highest_cases": "select location, max(total_cases) as total_case from covidDF where location !='World' group by location order by total_cases desc limit 1",
  "highest_death_per_population": "select location, max(total_deaths_per_million) as total_deaths_per_million from covidDF where location !='World'  limit 1",
  "country_with_most_beds_per_population": "select location, max(hospital_beds_per_thousand) as hospital_beds_per_thousand from covidDF where location !='World' GROUP by location ORDER BY hospital_beds_per_thousand desc limit 1",
  "continent_with_most_cases": "select continent,sum(new_tests) as new_tests from covidDF where location !='World' group by continent order by new_tests desc limit 1",
  "total_cases_per_month": "select sum(new_cases) as new_cases from covidDF where location !='World' and date between '01/05/2020' and '31/05/2020' limit 10",
  "highest_new_cases_world_wide": "SELECT location, max(total_cases) as total_cases FROM covidDF GROUP BY continent ORDER BY total_cases desc",
  "top_10_countries_most_cases": "select location,sum(new_cases) as new_cases from covidDF where location !='World' group by location order by new_cases desc limit 10",
  "top_10_contries_less_death": "select location,sum(new_deaths_per_million) as new_deaths_per_million from covidDF where location !='World' and new_deaths_per_million!=0  group by location order by new_deaths_per_million asc limit 10"
}

